crop,low_yield_shortfall_threshold
Barley,0.3361143523082599
Canola,0.23538168855564479
Lupins,0.2969567573004563
Oats,0.23121848822063432
Wheat,0.3639273368215884
